Teorica,PESO PRENDA,LARGO DE CUERPO,AREA,DE_MODELO
190,54,23,1771,SM8 TOP-2S
280,144,75,5550,SM8 TOP-2S
229,56,19.5,955.5,SM8 TOP-2S
286,81,26,2002,SM8 TOP-2S
295,83,30,2250,SM8 TOP-2S
184,108,32.5,2535,SM8 TOP-2S
594,187,98,7252,SM8 TOP-2S
314,89,39,2886,SM8 TOP-2S
138,28,13,884,SM8 TOP-2S
238,77,27,2160,SM8 TOP-2S
506,72,30,2460,SM8 TOP-2S
183,64,27.5,2255,SM8 TOP-2S
178,53,21.5,1462,SM8 TOP-2S
189,101,18,1548,SM8 TOP-2S
302,99,59.5,4581.5,SM8 TOP-2S
248,90,72,6840,SM8 TOP-2S
194,80,30.5,2135,SM8 TOP-2S
202,48,36,2664,SM8 TOP-2S
410,67,20,1560,SM8 TOP-2S
581,122,38,2888,SM8 TOP-2S
296,53,18,1278,SM8 TOP-2S
329,91,24.5,1862,SM8 TOP-2S
213,52,35.5,2343,SM8 TOP-2S
494,110,90,5580,SM8 TOP-2S
335,83,25,1650,SM8 TOP-2S
204,63,35,2590,SM8 TOP-2S
124,40,13,1014,SM8 TOP-2S
232,131,22,1672,SM8 TOP-2S
211,64,17.5,1365,SM8 TOP-2S
174,60,27,2025,SM8 TOP-2S
311,74,19,1387,SM8 TOP-2S
190,98,43,3010,SM8 TOP-2S
128,24,10,680,SM8 TOP-2S
207,90,33,2508,SM8 TOP-2S
282,104,66,4818,SM8 TOP-2S
497,73,34.5,2415,SM8 TOP-2S
313,153,37,2849,SM8 TOP-2S
710,190,82,5904,SM8 TOP-2S
421,141,66,5082,SM8 TOP-2S
144,40,15.5,1209,SM8 TOP-2S
118,28,12,840,SM8 TOP-2S
179,97,35,2590,SM8 TOP-2S
292,67,15.5,976.5,SM8 TOP-2S
223,58,32,2208,SM8 TOP-2S
228,46,11.5,828,SM8 TOP-2S
270,63,20,1360,SM8 TOP-2S
217,88,50.5,3232,SM8 TOP-2S
312,94,28.5,1881,SM8 TOP-2S
394,126,98,7350,SM8 TOP-2S
164,63,18,1206,SM8 TOP-2S
249,120,30,2370,SM8 TOP-2S
108,33,10.5,861,SM8 TOP-2S
200,133,38,3078,SM8 TOP-2S
432,73,22.5,1665,SM8 TOP-2S
311,195,35,2415,SM8 TOP-2S
249,112,46,3634,SM8 TOP-2S
249,105,13,1053,SM8 TOP-2S
242,73,22,1496,SM8 TOP-2S
407,195,100,6100,SM8 TOP-2S
185,95,26.5,1908,SM8 TOP-2S
434,142,85,6290,SM8 TOP-2S
526,134,94,6768,SM8 TOP-2S
293,75,17,1071,SM8 TOP-2S
233,154,45.5,3321.5,SM8 TOP-2S
146,72,29,2204,SM8 TOP-2S
268,99,29.5,2124,SM8 TOP-2S
260,98,27.5,1925,SM8 TOP-2S
581,113,37,2997,SM8 TOP-2S
211,64,17.5,1365,SM8 TOP-2S
209,64,23,1748,SM8 TOP-2S
407,159,100,7300,SM8 TOP-2S
361,59,15,1185,SM8 TOP-2S
317,168,37,2849,SM8 TOP-2S
174,80,30,2550,SM8 TOP-2S
275,96,39.5,2528,SM8 TOP-2S
288,84,20.5,1271,SM8 TOP-2S
267,87,26,1872,SM8 TOP-2S
462,109,51.5,3965.5,SM8 TOP-2S
321,164,35.5,2591.5,SM8 TOP-2S
280,96,34,2380,SM8 TOP-2S
124,40,13.5,1053,SM8 TOP-2S
122,35,17.5,1312.5,SM8 TOP-2S
323,163,36.5,2810.5,SM8 TOP-2S
425,167,130,9230,SM8 TOP-2S
235,89,33.5,2177.5,SM8 TOP-2S
313,116,34.5,2070,SM8 TOP-2S
341,709,17,1428,SM8 TOP-2S
282,64,30,2130,SM8 TOP-2S
204,98,44,3476,SM8 TOP-2S
180,35,7,427,SM8 TOP-2S
370,189,90,7020,SM8 TOP-2S
372,135,94,6768,SM8 TOP-2S
359,112,41.5,2988,SM8 TOP-2S
221,71,57.5,5175,SM8 TOP-2S
258,69,24.5,1813,SM8 TOP-2S
270,80,21.5,1548,SM8 TOP-2S
330,158,34.5,2484,SM8 TOP-2S
296,53,18.5,1295,SM8 TOP-2S
399,112,20,1500,SM8 TOP-2S
162,66,28,2072,SM8 TOP-2S
181,87,47,3431,SM8 TOP-2S
253,69,46,3082,SM8 TOP-2S
504,94,49.5,3366,SM8 TOP-2S
265,126,33,2640,SM8 TOP-2S
204,95,47,3760,SM8 TOP-2S
151,34,15,1050,SM8 TOP-2S
437,132,96,5472,SM8 TOP-2S
204,89,32,2208,SM8 TOP-2S
125,37,19.5,1365,SM8 TOP-2S
330,142,42,3024,SM8 TOP-2S
204,106,42.5,2890,SM8 TOP-2S
263,38,22,1364,SM8 TOP-2S
176,73,29.5,2301,SM8 TOP-2S
222,72,56,5152,SM8 TOP-2S
260,126,42,3150,SM8 TOP-2S
275,96,39.5,2528,SM8 TOP-2S
434,70,25.5,1810.5,SM8 TOP-2S
310,106,28.5,1824,SM8 TOP-2S
492,86,43,2838,SM8 TOP-2S
191,95,50,3600,SM8 TOP-2S
217,143,34.5,2484,SM8 TOP-2S
408,133,38.5,3080,SM8 TOP-2S
243,84,20,1480,SM8 TOP-2S
159,39,19,1330,SM8 TOP-2S
277,92,30.5,2196,SM8 TOP-2S
276,78,34,2652,SM8 TOP-2S
568,170,105,8295,SM8 TOP-2S
664,149,107,8132,SM8 TOP-2S
290,126,20,1620,SM8 TOP-2S
290,108,67,5360,SM8 TOP-2S
182,46,28.5,1881,SM8 TOP-2S
275,90,64.5,4515,SM8 TOP-2S
625,86,55,3080,SM8 TOP-2S
240,73,33,2574,SM8 TOP-2S
219,57,20,1380,SM8 TOP-2S
266,64,19.5,1209,SM8 TOP-2S
323,73,40.5,2835,SM8 TOP-2S
318,160,38,2964,SM8 TOP-2S
296,43,23.5,1739,SM8 TOP-2S
237,69,26.5,2199.5,SM8 TOP-2S
193,97,48,3552,SM8 TOP-2S
124,40,13.5,1080,SM8 TOP-2S
427,62,13,1001,SM8 TOP-2S
513,168,110,10450,SM8 TOP-2S
142,63,17,1258,SM8 TOP-2S
176,43,17,1088,SM8 TOP-2S
211,108,100,8200,SM8 TOP-2S
275,88,37,2442,SM8 TOP-2S
329,48,22.5,1552.5,SM8 TOP-2S
316,156,70,5250,SM8 TOP-2S
392,121,100,6100,SM8 TOP-2S
219,98,26.5,1987.5,SM8 TOP-2S
112,33,11.5,897,SM8 TOP-2S
163,75,21,1386,SM8 TOP-2S
287,52,18,1260,SM8 TOP-2S
336,98,35,2870,SM8 TOP-2S
359,90,20,1420,SM8 TOP-2S
340,170,44,3168,SM8 TOP-2S
280,96,34,2380,SM8 TOP-2S
320,146,33.5,2479,SM8 TOP-2S
265,127,33,2640,SM8 TOP-2S
427,62,13,1001,SM8 TOP-2S
224,116,31,2914,TOP2 V
296,131,24,2424,TOP2 V
237,161,34,3196,TOP2 V
288,93,21,1743,TOP2 V
453,166,94,9212,TOP2 V
430,195,98,0,TOP2 V
430,134,66,5544,TOP2 V
458,143,100,8000,TOP2 V
295,152,54,5400,TOP2 V
286,131,69,6072,TOP2 V
120,26,3,294,TOP2 V
255,78,40,3120,TOP2 V
510,163,35,3325,TOP2 V
267,79,24.5,1666,TOP2 V
250,72,24.5,1690.5,TOP2 V
347,250,79,7742,TOP2 V
298,110,20,1480,TOP2 V
365,215,87,8091,TOP2 V
349,163,82.5,8745,TOP2 V
320,106,19,1938,TOP2 V
340,122,34.5,2829,TOP2 V
631,205,72,6696,TOP2 V
444,156,90,6930,TOP2 V
348,166,41.5,3361.5,TOP2 V
222,57,15.5,1457,TOP2 V
379,255,89,8900,TOP2 V
339,226,69,8142,TOP2 V
389,115,77,5698,TOP2 V
473,186,100,6200,TOP2 V
235,109,39.5,3239,TOP2 V
238,100,41,3362,TOP2 V
281,136,36,3852,TOP2 V
295,138,45,3915,TOP2 V
320,106,19,1938,TOP2 V
510,202,66.5,5586,TOP2 V
179,69,11,1089,TOP2 V
447,173,38.5,3234,TOP2 V
205,107,40,2560,TOP2 V
368,129,34,3298,TOP2 V
333,136,55.5,4995,TOP2 V
594,157,59.5,5831,TOP2 V
575,202,64,5888,TOP2 V
285,207,36,3456,TOP2 V
344,118,3,294,TOP2 V
120,26,3,294,TOP2 V
532,218,41.5,3527.5,TOP2 V
347,121,35,2800,TOP2 V
267,150,38,3534,TOP2 V
453,139,72.5,7975,TOP2 V
438,141,87,6612,TOP2 V
425,115,34.5,3588,TOP2 V
278,81,48,3552,TOP2 V
382,56,15.5,1209,TOP2 V
415,172,98,0,TOP2 V
574,75,50,3600,TOP2 V
456,134,100,9000,TOP2 V
328,114,43.5,3915,TOP2 V
384,159,45.5,4777.5,TOP2 V
538,238,82,8692,TOP2 V
320,106,19,1938,TOP2 V
341,124,58,4872,TOP2 V
238,67,24,1992,TOP2 V
227,66,36.5,2920,TOP2 V
267,77,48.5,3492,TOP2 V
355,107,63,4914,TOP2 V
324,183,64,6400,TOP2 V
574,255,71,7881,TOP2 V
381,122,47,4183,TOP2 V
317,102,57,4503,TOP2 V
400,143,59,5074,TOP2 V
458,74,39.5,3081,TOP2 V
288,87,20.5,1886,TOP2 V
334,231,92,9844,TOP2 V
234,113,46,4324,TOP2 V
463,202,63,6930,TOP2 V
292,98,35.5,2946.5,TOP2 V
185,51,20.5,1701.5,TOP2 V
106,52,16.5,1600.5,TOP2 V
556,205,84.5,7267,TOP2 V
166,42,9.5,874,TOP2 V
583,80,50,3950,TOP2 V
420,182,37,3256,TOP2 V
183,57,22.5,1665,SM8 TOP-2S
462,221,94,7144,SM8 TOP-2S
252,85,23,1794,SM8 TOP-2S
295,125,47.5,3705,SM8 TOP-2S
229,72,28.5,1909.5,SM8 TOP-2S
331,181,39.5,3397,SM8 TOP-2S
215,119,72.5,3770,SM8 TOP-2S
192,64,33,2574,SM8 TOP-2S
339,125,76,5396,SM8 TOP-2S
162,75,28,2352,SM8 TOP-2S
218,55,35,2205,SM8 TOP-2S
304,93,56.5,3616,SM8 TOP-2S
227,94,35,2730,SM8 TOP-2S
180,74,29,2175,SM8 TOP-2S
285,109,37,2960,SM8 TOP-2S
172,88,35,3045,SM8 TOP-2S
185,62,26,2080,SM8 TOP-2S
218,68,44.5,2981.5,SM8 TOP-2S
233,154,45.5,3321.5,SM8 TOP-2S
352,178,110,8800,SM8 TOP-2S
206,88,34.5,2553,SM8 TOP-2S
204,99,34,2992,SM8 TOP-2S
372,40,18,1260,SM8 TOP-2S
244,24,6.5,461.5,SM8 TOP-2S
359,107,68.5,4315.5,SM8 TOP-2S
303,89,54.5,3651.5,SM8 TOP-2S
482,189,93,7440,SM8 TOP-2S
243,93,47,3572,SM8 TOP-2S
187,54,22.5,1755,SM8 TOP-2S
233,67,33,2541,SM8 TOP-2S
167,85,23.5,1692,SM8 TOP-2S
301,46,24,1944,SM8 TOP-2S
402,223,82,6396,SM8 TOP-2S
229,63,27,1782,SM8 TOP-2S
323,192,94,7520,SM8 TOP-2S
308,42,22,1496,SM8 TOP-2S
155,43,34.5,3036,SM8 TOP-2S
476,116,70.5,6768,SM8 TOP-2S
261,194,86.5,7871.5,SM8 TOP-2S
334,264,83,7470,SM8 TOP-2S
198,48,22,1496,SM8 TOP-2S
247,59,20,1460,SM8 TOP-2S
227,91,37.5,2850,SM8 TOP-2S
200,65,33,2409,SM8 TOP-2S
359,80,30.5,2318,SM8 TOP-2S
267,90,24,1728,SM8 TOP-2S
215,93,28.5,2223,SM8 TOP-2S
263,117,39,3003,SM8 TOP-2S
333,177,39.5,3239,SM8 TOP-2S
246,85,39.5,2409.5,SM8 TOP-2S
208,81,29.5,2301,SM8 TOP-2S
196,82,39,3042,SM8 TOP-2S
191,101,50,4300,SM8 TOP-2S
329,170,40.5,3361.5,SM8 TOP-2S
220,103,37,3182,SM8 TOP-2S
185,47,19,1216,SM8 TOP-2S
219,120,37,2886,SM8 TOP-2S
339,182,32,2624,SM8 TOP-2S
342,108,38,3534,SM8 TOP-2S
245,125,33,2838,SM8 TOP-2S
223,59,35,2590,SM8 TOP-2S
234,69,37,2294,SM8 TOP-2S
211,70,33,2640,SM8 TOP-2S
237,118,35,2870,SM8 TOP-2S
386,149,76.5,0,SM8 TOP-2S
234,81,70.5,6345,SM8 TOP-2S
650,164,132,12936,SM8 TOP-2S
144,39,19,1368,SM8 TOP-2S
338,95,31,2573,SM8 TOP-2S
200,78,29,2262,SM8 TOP-2S
412,137,59,5192,SM8 TOP-2S
627,170,84,7560,SM8 TOP-2S
166,80,29,2494,SM8 TOP-2S
574,157,100,6600,SM8 TOP-2S
514,141,90,5580,SM8 TOP-2S
499,141,76,3952,SM8 TOP-2S
649,153,69,4623,SM8 TOP-2S
339,158,42,3360,SM8 TOP-2S
316,46,48,3936,SM8 TOP-2S
180,99,32.5,2535,SM8 TOP-2S
425,132,57,3990,SM8 TOP-2S
380,117,32,2496,SM8 TOP-2S
397,101,30.5,2623,SM8 TOP-2S
141,29,12,876,SM8 TOP-2S
139,29,13,949,SM8 TOP-2S
369,148,95,6840,SM8 TOP-2S
252,67,32,2048,SM8 TOP-2S
224,66,37,2405,SM8 TOP-2S
463,138,94,0,SM8 TOP-2S
273,91,35,2940,SM8 TOP-2S
167,33,15.5,1178,SM8 TOP-2S
394,150,96,6720,SM8 TOP-2S
408,135,73,5840,SM8 TOP-2S
253,107,47,4136,SM8 TOP-2S
268,105,29,2320,SM8 TOP-2S
340,128,46,4002,SM8 TOP-2S
416,145,78,5304,SM8 TOP-2S
258,162,55,4070,SM8 TOP-2S
408,145,59,5074,SM8 TOP-2S
324,63,22,1738,SM8 TOP-2S
237,75,27.5,2557.5,SM8 TOP-2S
302,64,23,1817,SM8 TOP-2S
406,173,36.5,2920,SM8 TOP-2S
406,180,31,2480,SM8 TOP-2S
690,184,40,3280,SM8 TOP-2S
223,148,35.5,2662.5,SM8 TOP-2S
228,104,30,0,SM8 TOP-2S
313,93,25,2050,SM8 TOP-2S
309,142,128,13184,SM8 TOP-2S
218,53,13,819,SM8 TOP-2S
514,127,24,1728,SM8 TOP-2S
174,66,26,1560,SM8 TOP-2S
240,59,21.5,1591,SM8 TOP-2S
339,126,75,5400,SM8 TOP-2S
237,81,45,3195,SM8 TOP-2S
328,113,70,6160,SM8 TOP-2S
320,76,38,2888,SM8 TOP-2S
511,183,108,8640,SM8 TOP-2S
283,87,38,3116,SM8 TOP-2S
496,257,108,8856,SM8 TOP-2S
306,75,36,2592,SM8 TOP-2S
468,154,101,0,SM8 TOP-2S
363,109,33.5,3182.5,SM8 TOP-2S
213,71,29.5,2478,SM8 TOP-2S
223,131,37.5,2887.5,SM8 TOP-2S
141,28,11.5,816.5,SM8 TOP-2S
494,233,102,8364,SM8 TOP-2S
225,60,24.5,1813,SM8 TOP-2S
198,78,37.5,2737.5,SM8 TOP-2S
334,93,36,2808,SM8 TOP-2S
321,92,41,3608,SM8 TOP-2S
495,191,81,6804,SM8 TOP-2S
279,32,16,1088,SM8 TOP-2S
215,20,8,592,SM8 TOP-2S
488,151,80,6880,SM8 TOP-2S
322,182,34.5,2967,SM8 TOP-2S
381,90,44.5,3293,SM8 TOP-2S
360,99,37,2923,SM8 TOP-2S
115,35,9.5,750.5,SM8 TOP-2S
329,113,42,3276,SM8 TOP-2S
181,102,35,2765,SM8 TOP-2S
322,182,37,3182,SM8 TOP-2S
289,113,40,2680,SM8 TOP-2S
289,115,40,2720,SM8 TOP-2S
349,98,59,4248,SM8 TOP-2S
331,80,29,2030,SM8 TOP-2S
462,109,46,3358,SM8 TOP-2S
507,233,77.5,6742.5,SM8 TOP
329,130,71.5,7436,SM8 TOP
346,137,69.5,5768.5,SM8 TOP
356,114,46,3772,SM8 TOP
212,119,36,3528,SM8 TOP
180,60,25,2200,SM8 TOP
216,78,26,2288,SM8 TOP
363,282,101,10504,SM8 TOP
203,53,24.5,1764,SM8 TOP
394,97,32,2944,SM8 TOP
200,80,37.5,2400,SM8 TOP
283,110,25.5,2346,SM8 TOP
270,110,86,8944,SM8 TOP
632,165,28.5,2451,SM8 TOP
198,74,25.5,2448,SM8 TOP
484,122,88.5,8938.5,SM8 TOP
258,65,42,2562,SM8 TOP
457,165,78.5,6751,SM8 TOP
215,97,32,2816,SM8 TOP
247,62,47,3196,SM8 TOP
438,152,85,0,SM8 TOP
245,93,42,3486,SM8 TOP
280,85,46.5,3348,SM8 TOP
340,222,38,3686,SM8 TOP
125,55,40,1600,SM8 TOP
358,60,25,2250,SM8 TOP
219,107,41,3895,SM8 TOP
228,82,37,2960,SM8 TOP
344,78,20.5,1886,SM8 TOP
272,145,40,2640,SM8 TOP
237,90,40,3480,SM8 TOP
248,99,73.5,7791,SM8 TOP
165,52,36,3456,SM8 TOP
226,143,78,5304,SM8 TOP
198,79,31,2263,SM8 TOP
194,86,34,2516,SM8 TOP
248,108,77,7392,SM8 TOP
326,135,76,7904,SM8 TOP
319,116,56,4480,SM8 TOP
560,170,82,5904,SM8 TOP
323,88,19,1330,SM8 TOP
503,139,52,4472,SM8 TOP
187,116,33,2838,SM8 TOP
420,189,64,5376,SM8 TOP
118,37,19,1615,SM8 TOP
277,67,22,1892,SM8 TOP
687,295,120,11400,SM8 TOP
575,226,112,10304,SM8 TOP
241,190,48.5,4413.5,SM8 TOP
467,123,64,4224,SM8 TOP
455,186,76,6232,SM8 TOP
315,99,42,3192,SM8 TOP
201,65,30,2310,SM8 TOP
346,166,80.5,6440,SM8 TOP
229,87,30.5,3019.5,SM8 TOP
253,85,38,3268,SM8 TOP
616,121,21,1638,SM8 TOP
370,122,94,6956,SM8 TOP
434,180,77,4620,SM8 TOP
268,98,70,7350,SM8 TOP
194,117,36.5,3358,SM8 TOP
541,125,55,4510,SM8 TOP
268,98,75.5,8078.5,SM8 TOP
580,160,45,3915,SM8 TOP
193,87,35.5,2627,SM8 TOP
533,171,82,4920,SM8 TOP
298,83,18,1260,SM8 TOP
290,87,32,2464,SM8 TOP
270,67,21.5,1784.5,SM8 TOP
97,22,4,312,SM8 TOP
195,67,25,2150,SM8 TOP
357,204,97,8730,SM8 TOP
167,69,24,1920,SM8 TOP
234,91,39,2925,SM8 TOP
335,159,77.5,6665,SM8 TOP
264,89,27.5,2200,SM8 TOP
222,96,43,3354,SM8 TOP
198,68,34,2822,SM8 TOP
164,46,19,1672,SM8 TOP
245,89,33.5,2847.5,SM8 TOP
218,77,40,3040,SM8 TOP
376,96,19,1444,SM8 TOP
344,71,24,2208,SM8 TOP
272,145,40,2720,SM8 TOP
264,100,23.5,2091.5,SM8 TOP
374,180,58,4814,SM8 TOP
278,114,26,2418,SM8 TOP
208,58,24,1776,SM8 TOP
163,50,20.5,1476,SM8 TOP
438,198,107,9202,SM8 TOP
250,114,83,9047,SM8 TOP
307,69,25,2450,SM8 TOP
547,141,97,0,SM8 TOP
411,267,81.5,6194,SM8 TOP
247,86,29,2494,SM8 TOP
338,211,74,6512,SM8 TOP
235,106,35,3150,SM8 TOP
151,92,26.5,2570.5,SM8 TOP
344,115,38,3572,SM8 TOP
312,104,56.5,4689.5,SM8 TOP
359,119,42,3780,SM8 TOP
260,165,35,2905,SM8 TOP
166,52,32,3392,SM8 TOP
254,130,34.5,3243,SM8 TOP
261,99,76,7904,SM8 TOP
354,71,28.5,2508,SM8 TOP
454,253,134,12998,SM8 TOP
177,43,18,1368,SM8 TOP
323,92,20.5,1435,SM8 TOP
498,233,120,10800,SM8 TOP
505,190,109,8284,SM8 TOP
644,231,95,9120,SM8 TOP
602,211,92,8832,SM8 TOP
343,89,60,3780,SM8 TOP
312,110,65,6370,SM8 TOP
200,93,39,2340,SM8 TOP
581,202,110,11110,SM8 TOP
719,243,114,11172,SM8 TOP
357,111,32.5,2600,SM8 TOP
203,52,11.5,874,SM8 TOP
339,134,70,7280,SM8 TOP
103,47,13,1066,SM8 TOP
209,78,35.5,3195,SM8 TOP
221,76,35,3045,SM8 TOP
431,165,101,6969,SM8 TOP
447,168,110,8140,SM8 TOP
428,179,80,6080,SM8 TOP
191,76,24.5,2278.5,SM8 TOP
455,201,31,2697,SM8 TOP
243,95,34,2856,SM8 TOP
364,98,73,4672,SM8 TOP
575,311,110,10340,SM8 TOP
252,59,16,1024,SM8 TOP
282,134,52,4576,SM8 TOP
229,79,22,2024,SM8 TOP
297,109,32.5,2990,SM8 TOP
541,238,91.5,8692.5,SM8 TOP
309,124,75,6675,SM8 TOP
259,121,44.5,4361,SM8 TOP
499,94,31.5,3024,SM8 TOP
338,98,1.5,129,SM8 TOP
229,84,42,3780,SM8 TOP
397,142,31.5,2772,SM8 TOP
257,99,39,3627,SM8 TOP
323,112,41.5,2863.5,SM8 TOP
215,88,40,3280,SM8 TOP
154,42,13.5,1228.5,SM8 TOP
418,141,55,4620,SM8 TOP
193,117,33.5,2881,SM8 TOP
442,125,53,5300,SM8 TOP
225,130,32,2592,SM8 TOP
328,141,63,5544,SM8 TOP
163,37,8,656,SM8 TOP
243,91,34.5,2898,SM8 TOP
170,78,27,2376,SM8 TOP
507,65,47,3196,SM8 TOP
264,90,41,3485,SM8 TOP
340,222,38,3686,SM8 TOP
192,90,40,2640,SM8 TOP
223,90,41,3854,SM8 TOP
332,128,73,7008,SM8 TOP
180,57,26.5,2411.5,SM8 TOP
395,132,36.5,3285,SM8 TOP
358,114,46,3450,SM8 TOP
472,117,48.5,3880,SM8 TOP
356,114,48.5,3831.5,SM8 TOP
419,148,35,2695,SM8 TOP
222,50,10,940,SM8 TOP
268,104,86,9030,SM8 TOP
355,134,77.5,6975,SM8 TOP
174,58,9,828,SM8 TOP
196,91,37.5,2925,SM8 TOP
235,70,3,240,SM8 TOP
463,116,66,4224,SM8 TOP
434,187,66,6336,SM8 TOP
152,34,9,729,SM8 TOP
572,232,133,0,SM8 TOP
235,84,48,3888,SM8 TOP
371,149,67,5695,SM8 TOP
343,205,35,3010,SM8 TOP
284,115,40.5,3159,SM8 TOP
207,84,29,2726,SM8 TOP
189,85,34.5,2070,SM8 TOP
596,210,94.5,8977.5,SM8 TOP
571,201,39,2964,SM8 TOP
338,222,94,9024,SM8 TOP
476,159,41,3936,SM8 TOP
391,195,57,5358,SM8 TOP
396,129,46,4646,SM8 TOP
390,185,78.5,6280,SM8 TOP
209,68,25,2150,SM8 TOP
246,66,42,2940,SM8 TOP
154,101,28,2716,SM8 TOP
241,187,52,4576,SM8 TOP
276,115,61,4514,SM8 TOP
125,44,13,1196,SM8 TOP
418,146,36,2736,SM8 TOP
254,130,36.5,3504,SM8 TOP
189,85,34.5,2070,SM8 TOP
240,75,20,1640,SM8 TOP
386,208,59,5428,SM8 TOP
390,166,56.5,5311,SM8 TOP
361,215,88,7744,SM8 TOP
194,38,13.5,1269,SM8 TOP
547,191,110,11110,SM8 TOP
259,179,73,5986,SM8 TOP
187,116,33.5,3015,SM8 TOP
666,147,110,6600,SM8 TOP
175,72,26.5,2332,SM8 TOP
191,44,22,1540,SM8 TOP
610,240,106,8798,SM8 TOP
557,219,114,11856,SM8 TOP
357,171,91,7917,SM8 TOP
341,140,80,7440,SM8 TOP
217,53,36.5,2664.5,SM8 TOP
556,164,100,9000,SM8 TOP
327,160,63,5733,SM8 TOP
439,191,88,7832,SM8 TOP
534,82,30,2700,SM8 TOP
235,84,48,3888,SM8 TOP
233,84,36.5,2847,SM8 TOP
318,80,25.5,2320.5,SM8 TOP
192,90,44,2904,SM8 TOP
244,137,38.5,3734.5,SM8 TOP
230,102,35,3220,SM8 TOP
454,266,126,12096,SM8 TOP
146,48,13,988,SM8 TOP
473,139,31,2418,SM8 TOP
154,44,19,1748,SM8 TOP
321,95,26.5,2623.5,SM8 TOP
661,227,97,8342,SM8 TOP
298,94,34,3128,SM8 TOP
706,272,95,7980,SM8 TOP
334,147,75,6300,SM8 TOP
527,162,107,8667,SM8 TOP
234,102,45,3690,SM8 TOP
375,101,30,2820,SM8 TOP
477,133,26,2418,SM8 TOP
277,76,20.5,1701.5,SM8 TOP
278,82,34,2312,SM8 TOP
266,75,23.5,1739,SM8 TOP
343,93,57,3648,SM8 TOP
225,67,26.5,2120,SM8 TOP
434,126,87,5568,SM8 TOP
560,154,99,8316,SM8 TOP
208,67,19,1729,SM8 TOP
340,222,38,3686,SM8 TOP
499,95,32,2944,SM8 TOP
243,75,40,3280,SM8 TOP
258,94,43,3870,SM8 TOP
413,152,37,2775,SM8 TOP
327,114,32,2752,SM8 TOP
266,176,62,6324,TOP2 V
432,291,79.5,8109,TOP2 V
317,100,22,2068,TOP2 V
388,295,88,8976,TOP2 V
272,130,43,3784,TOP2 V
175,60,20.5,1886,TOP2 V
254,129,41,3526,TOP2 V
353,138,40,3840,TOP2 V
299,135,45,3780,TOP2 V
369,144,71.5,8079.5,TOP2 V
582,228,94,6768,TOP2 V
428,155,82,5986,TOP2 V
337,142,64.5,7224,TOP2 V
270,81,18,1476,TOP2 V
241,96,30.5,2867,TOP2 V
362,79,34.5,3243,TOP2 V
414,214,79.5,6678,TOP2 V
482,147,51.5,5047,TOP2 V
211,81,29.5,2832,TOP2 V
219,109,33.5,3216,TOP2 V
344,156,82,8282,TOP2 V
251,100,40.5,3928.5,TOP2 V
505,205,53.5,4066,TOP2 V
275,106,72.5,8192.5,TOP2 V
195,95,33.5,2144,TOP2 V
252,76,3,255,TOP2 V
513,193,79,7584,TOP2 V
367,118,32.5,2665,TOP2 V
222,56,16,1408,TOP2 V
484,151,33,2805,TOP2 V
237,63,21.5,1612.5,TOP2 V
179,58,34.5,3829.5,TOP2 V
251,147,36,3528,TOP2 V
351,83,70,5460,TOP2 V
361,102,46,3588,TOP2 V
244,61,21.5,1548,TOP2 V
207,105,37.5,3225,TOP2 V
243,134,34.5,3312,TOP2 V
530,246,74.5,7077.5,TOP2 V
97,24,4,328,TOP2 V
250,65,22.5,1642.5,TOP2 V
565,166,105,11550,TOP2 V
229,151,33.5,3015,TOP2 V
248,112,36.5,3212,TOP2 V
537,221,62.5,6625,TOP2 V
329,113,36.5,3212,TOP2 V
405,143,72.5,6670,TOP2 V
436,156,36,2808,TOP2 V
254,128,40,3440,TOP2 V
350,151,64.5,7482,TOP2 V
308,108,56,4368,TOP2 V
188,52,19,1558,TOP2 V
628,230,90,9450,TOP2 V
122,39,19,1634,TOP2 V
124,42,17,1496,TOP2 V
444,184,65,6760,TOP2 V
255,90,39.5,3476,TOP2 V
490,193,69,7521,TOP2 V
320,220,44,3872,TOP2 V
380,143,37,3478,TOP2 V
166,55,22,1694,TOP2 V
252,80,29,2494,TOP2 V
273,74,49,3724,TOP2 V
352,192,81.5,7661,TOP2 V
409,163,40,4200,TOP2 V
447,193,80.5,8050,TOP2 V
377,158,36.5,3066,TOP2 V
417,159,37,2960,TOP2 V
273,185,33,2772,TOP2 V
180,57,33.5,3685,TOP2 V
251,147,38,3838,TOP2 V
267,108,73,7811,TOP2 V
479,177,102,9588,TOP2 V
229,88,26.5,2517.5,TOP2 V
479,280,122,10736,TOP2 V
181,45,19.5,1579.5,TOP2 V
106,51,16.5,1485,TOP2 V
456,200,83,6474,TOP2 V
536,227,64.5,6708,TOP2 V
345,123,54,5076,TOP2 V
289,112,74,8140,TOP2 V
476,166,34,3128,TOP2 V
307,105,47.5,3800,TOP2 V
340,109,46.5,3766.5,TOP2 V
380,126,51.5,4223,TOP2 V
397,103,64,4224,TOP2 V
310,105,42,3570,TOP2 V
292,138,48,4032,TOP2 V
299,135,45,3780,TOP2 V
175,88,28.5,2308.5,TOP2 V
178,80,27,2646,TOP2 V
251,125,34,3434,TOP2 V
249,109,30,2520,TOP2 V
401,154,37,3145,TOP2 V
353,179,46.5,3813,TOP2 V
170,18.5,23.5,1903.5,SM8 TOP-2S
385,2.58,75,6450,SM8 TOP-2S
316,91,23.5,2350,SM8 TOP-2S
196,117,40,3680,SM8 TOP-2S
161,85,37,2072,SM8 TOP-2S
189,88,11,836,SM8 TOP-2S
438,225,126,8316,SM8 TOP-2S
191,41,2,172,SM8 TOP-2S
237,106,37.5,2737.5,SM8 TOP-2S
283,93,47,3478,SM8 TOP-2S
438,165,109,8175,SM8 TOP-2S
325,190,40.5,3726,SM8 TOP-2S
252,71,6,420,SM8 TOP-2S
184,108,32.5,2535,SM8 TOP-2S
207,52,31,1798,SM8 TOP-2S
447,164,110,7920,SM8 TOP-2S
334,102,50,3550,SM8 TOP-2S
142,29,13,988,SM8 TOP-2S
429,192,91,7644,SM8 TOP-2S
148,77,19,1710,SM8 TOP-2S
337,131,81,6885,SM8 TOP-2S
391,99,31,2728,SM8 TOP-2S
361,186,73,5548,SM8 TOP-2S
361,195,68,5984,SM8 TOP-2S
182,43,19,1539,SM8 TOP-2S
241,179,46,3680,SM8 TOP-2S
589,177,79,711,SM8 TOP-2S
358,86,17,1224,SM8 TOP-2S
183,110,36.5,3139,SM8 TOP-2S
234,70,37.5,2850,SM8 TOP-2S
385,125,33.5,2613,SM8 TOP-2S
252,96,39.5,2923,SM8 TOP-2S
166,63,25,2225,SM8 TOP-2S
482,180,75,6225,SM8 TOP-2S
170,50,23,1978,SM8 TOP-2S
398,156,67,5360,SM8 TOP-2S
672,171,73.5,5586,SM8 TOP-2S
484,199,118.5,9124.5,SM8 TOP-2S
685,132,45.5,3958.5,SM8 TOP-2S
563,142,78.5,4317.5,SM8 TOP-2S
265,75,18.5,1295,SM8 TOP-2S
510,63,40,1960,SM8 TOP-2S
215,121,41.5,3486,SM8 TOP-2S
177,61,27.5,2062.5,SM8 TOP-2S
178,44,26,1612,SM8 TOP-2S
254,73,39,2340,SM8 TOP-2S
210,83,27.5,1980,SM8 TOP-2S
355,90,46,2392,SM8 TOP-2S
356,136,66,5280,SM8 TOP-2S
469,120,88,5456,SM8 TOP-2S
584,222,110,8580,SM8 TOP-2S
276,50,19,1368,SM8 TOP-2S
122,24,5.5,357.5,SM8 TOP-2S
237,124,30.5,2562,SM8 TOP-2S
173,44,30,2100,SM8 TOP-2S
362,145,172,14448,SM8 TOP-2S
207,67,18.5,1517,SM8 TOP-2S
173,60,25.5,1989,SM8 TOP-2S
250,75,25,1975,SM8 TOP-2S
272,152,29.5,2360,SM8 TOP-2S
247,54,21,1554,SM8 TOP-2S
246,70,38,2394,SM8 TOP-2S
228,18.5,33,2541,SM8 TOP-2S
477,116,71.5,7007,SM8 TOP-2S
420,124,59,4956,SM8 TOP-2S
368,107,35.5,2662.5,SM8 TOP-2S
363,109,62,4216,SM8 TOP-2S
625,175,38,2964,SM8 TOP-2S
171,50,25,1950,SM8 TOP-2S
298,161,54,4212,SM8 TOP-2S
298,95,37.5,2475,SM8 TOP-2S
316,114,46,3818,SM8 TOP-2S
180,99,31.5,2394,SM8 TOP-2S
276,72,17,1343,SM8 TOP-2S
202,59,26,2028,SM8 TOP-2S
196,67,26,1976,SM8 TOP-2S
203,102,37.5,3000,SM8 TOP-2S
231,76,39.5,2765,SM8 TOP-2S
222,63,25.5,1836,SM8 TOP-2S
382,116,30.5,2623,SM8 TOP-2S
282,60,22.5,1822.5,SM8 TOP-2S
187,55,31.5,2110.5,SM8 TOP-2S
274,109,30.5,2348.5,SM8 TOP-2S
333,177,39.5,3239,SM8 TOP-2S
347,160,32,2496,SM8 TOP-2S
223,68,44,3080,SM8 TOP-2S
252,65,33.5,2412,SM8 TOP-2S
298,62,26.5,1828.5,SM8 TOP-2S
277,88,22.5,1822.5,SM8 TOP-2S
228,104,30,0,SM8 TOP-2S
464,395,116.5,8155,SM8 TOP-2S
198,103,34,2720,SM8 TOP-2S
277,85,78.5,6044.5,SM8 TOP-2S
143,39,18,1422,SM8 TOP-2S
141,42,11.5,828,SM8 TOP-2S
342,122,42,2436,SM8 TOP-2S
328,116,41,2542,SM8 TOP-2S
313,93,22.5,1890,SM8 TOP-2S
427,111,54,4752,SM8 TOP-2S
636,199,101.5,7917,SM8 TOP-2S
136,100,30,2280,SM8 TOP-2S
271,149,29,2378,SM8 TOP-2S
323,66,31,2697,SM8 TOP-2S
294,126,39,3159,SM8 TOP-2S
183,64,24,1896,SM8 TOP-2S
531,110,56,4312,SM8 TOP-2S
213,89,36,2952,SM8 TOP-2S
153,66,22,1760,SM8 TOP-2S
494,230,105,8400,SM8 TOP-2S
459,139,100,7000,SM8 TOP-2S
145,67,17,1360,SM8 TOP-2S
206,56,34.5,2346,SM8 TOP-2S
225,127,44.5,3426.5,SM8 TOP-2S
414,160,100,7200,SM8 TOP-2S
414,160,23,1748,SM8 TOP-2S
237,138,54,4104,SM8 TOP-2S
429,189,95,7315,SM8 TOP-2S
140,39,18,1404,SM8 TOP-2S
194,44,16,1024,SM8 TOP-2S
510,68,30,2310,SM8 TOP-2S
207,67,18.5,1535.5,SM8 TOP-2S
100,36,14,1106,SM8 TOP-2S
225,89,31,2418,SM8 TOP-2S
270,78,36,3528,SM8 TOP-2S
240,166,48,3744,SM8 TOP-2S
270,78,25,1850,SM8 TOP-2S
197,105,52.5,4252.5,SM8 TOP-2S
249,86,75,6600,SM8 TOP-2S
143,43,35,3150,SM8 TOP-2S
257,69,18,1386,SM8 TOP-2S
257,84,72,6336,SM8 TOP-2S
187,54,21.5,1591,SM8 TOP-2S
382,148,40,3400,SM8 TOP-2S
453,200,79.5,6042,SM8 TOP-2S
341,91,44,2992,SM8 TOP-2S
207,77,37,2442,SM8 TOP-2S
200,67,34.5,2656.5,SM8 TOP-2S
329,109,74,5698,SM8 TOP-2S
184,51,22,1452,SM8 TOP-2S
152,50,15.5,1209,SM8 TOP-2S
568,189,102,8364,SM8 TOP-2S
156,53,29,2262,SM8 TOP-2S
241,77,45,3240,SM8 TOP-2S
178,74,33.5,1809,SM8 TOP-2S
342,124,51,4743,SM8 TOP-2S
200,112,36,2952,SM8 TOP-2S
294,76,36,2664,SM8 TOP-2S
317,174,36.5,3029.5,SM8 TOP-2S
270,63,17.5,1102.5,SM8 TOP-2S
531,257,106,8904,SM8 TOP-2S
201,151,105,9240,SM8 TOP-2S
214,109,30,2760,SM8 TOP-2S
197,60,18.5,1480,SM8 TOP-2S
642,138,92,6072,SM8 TOP-2S
146,81,25,2000,SM8 TOP-2S
193,77,24.5,2107,SM8 TOP-2S
190,60,20,1620,SM8 TOP-2S
263,114,47,3854,SM8 TOP-2S
499,142,80,4320,SM8 TOP-2S
170,45,19.5,1521,SM8 TOP-2S
237,124,51,3723,SM8 TOP-2S
263,113,49,4018,SM8 TOP-2S
174,110,40,3280,SM8 TOP-2S
414,159,41,0,SM8 TOP-2S
432,139,34.5,2484,SM8 TOP-2S
189,58,16.5,1320,SM8 TOP-2S
488,216,96,0,SM8 TOP-2S
368,168,67.5,5872.5,SM8 TOP-2S
462,75,28,2184,SM8 TOP-2S
352,74,15,1035,SM8 TOP-2S
324,63,33,2508,SM8 TOP-2S
402,231,84.5,6675.5,SM8 TOP-2S
248,65,33.5,2412,SM8 TOP-2S
461,111,25,2025,SM8 TOP-2S
246,83,71.5,6363.5,SM8 TOP-2S
232,82,37,2849,SM8 TOP-2S
362,235,110,10230,SM8 TOP-2S
148,34,17,1190,SM8 TOP-2S
148,34,18.5,1295,SM8 TOP-2S
152,50,13.5,1026,SM8 TOP-2S
368,105,46,4002,SM8 TOP-2S
226,107,33,2541,SM8 TOP-2S
135,58,17,1360,SM8 TOP-2S
316,74,38,2888,SM8 TOP-2S
166,63,24,1824,SM8 TOP-2S
157,33,7,511,SM8 TOP-2S
438,219,109,10028,SM8 TOP-2S
231,75,39.5,2725.5,SM8 TOP-2S
356,103,31,2139,SM8 TOP-2S
451,182,99,7029,SM8 TOP-2S
180,47,23.5,1668.5,SM8 TOP-2S
180,48,26,1742,SM8 TOP-2S
230,67,30.5,2257,SM8 TOP-2S
341,197,100,7800,SM8 TOP-2S
470,125,100,0,SM8 TOP-2S
506,195,78,0,SM8 TOP-2S
285,108,39,3120,SM8 TOP-2S
230,139,46,3496,SM8 TOP-2S
413,64,16.5,1188,SM8 TOP-2S
245,76,37,2812,SM8 TOP-2S
221,95,41,2624,SM8 TOP-2S
215,80,42,2940,SM8 TOP-2S
209,91,31.5,2425.5,SM8 TOP-2S
187,53,22.5,1732.5,SM8 TOP-2S
231,75,32.5,2470,SM8 TOP-2S
124,51,17,1445,SM8 TOP-2S
186,97,35,2590,SM8 TOP-2S
207,93,46,3864,SM8 TOP-2S
227,89,31,2108,SM8 TOP-2S
254,99,79,6478,SM8 TOP-2S
650,200,110,7260,SM8 TOP-2S
187,64,24,1608,SM8 TOP-2S
216,93,29.5,2242,SM8 TOP-2S
569,126,74,6068,SM8 TOP-2S
422,279,132,10560,SM8 TOP-2S
309,39,24,1800,SM8 TOP-2S
259,58,19,1558,SM8 TOP-2S
180,67,28,2268,SM8 TOP-2S
318,92,105,7770,SM8 TOP-2S
191,53,24.5,1739.5,SM8 TOP-2S
322,182,34.5,2967,SM8 TOP-2S
198,54,35,2485,SM8 TOP-2S
139,31,13,975,SM8 TOP-2S
193,49,22.5,1575,SM8 TOP-2S
420,230,105,9450,SM8 TOP-2S
188,65,55.5,4440,SM8 TOP-2S
425,165,107,9202,SM8 TOP-2S
311,75,38,2926,SM8 TOP-2S
182,39,29,2320,SM8 TOP-2S
247,111,57,3534,SM8 TOP-2S
161,39,19,1482,SM8 TOP-2S
184,85,31.5,2709,SM8 TOP-2S
339,158,42,3360,SM8 TOP-2S
252,77,49,3185,SM8 TOP-2S
214,69,34.5,2553,SM8 TOP-2S
281,119,45,3465,SM8 TOP-2S
331,52,23,1725,SM8 TOP-2S
387,177,100,7600,SM8 TOP-2S
502,184,68,5848,SM8 TOP-2S
375,65,17,1360,SM8 TOP-2S
375,136,89,7120,SM8 TOP-2S
282,102,33,2541,SM8 TOP-2S
372,118,36,2700,SM8 TOP-2S
411,122,20,1600,SM8 TOP-2S
345,105,27.5,2337.5,SM8 TOP-2S
414,142,34,2618,SM8 TOP-2S
229,153,43,3784,SM8 TOP-2S
422,68,41,3690,SM8 TOP-2S
254,91,21.5,1741.5,SM8 TOP-2S
314,93,42,3528,SM8 TOP-2S
221,78,31,2480,SM8 TOP-2S
279,78,31,2077,SM8 TOP-2S
247,60,21,1554,SM8 TOP-2S
206,40,7.5,600,SM8 TOP-2S
203,76,29,2146,SM8 TOP-2S
165,57,23.5,1715.5,SM8 TOP-2S
358,129,78,5616,SM8 TOP-2S
182,44,23,1564,SM8 TOP-2S
148,83,25,2050,SM8 TOP-2S
193,76,24,2040,SM8 TOP-2S
184,84,32,2752,SM8 TOP-2S
230,98,40,3040,SM8 TOP-2S
285,72,42,2646,SM8 TOP-2S
145,67,17.5,1400,SM8 TOP-2S
388,214,174,14616,SM8 TOP-2S
425,165,107,9202,SM8 TOP-2S
255,144,33,2970,SM8 TOP-2S
256,70,29,1827,SM8 TOP-2S
389,194,77,6622,SM8 TOP-2S
189,56,23.5,1809.5,SM8 TOP-2S
453,77,29.5,2301,SM8 TOP-2S
173,56,60,2520,SM8 TOP-2S
435,61,25.5,1734,SM8 TOP-2S
311,196,45,3420,SM8 TOP-2S
181,47,23,1702,SM8 TOP-2S
222,82,30,2340,SM8 TOP-2S
193,50,24.5,1764,SM8 TOP-2S
285,123,47,4089,SM8 TOP-2S
218,68,44.5,2981.5,SM8 TOP-2S
643,157,91,6825,SM8 TOP-2S
371,121,82,4920,SM8 TOP-2S
189,56,23.5,1833,SM8 TOP-2S
222,86,46,3358,SM8 TOP-2S
163,71,17.5,1172.5,SM8 TOP-2S
532,226,96,8640,SM8 TOP-2S
210,66,36,2808,SM8 TOP-2S
213,55,22.5,1440,SM8 TOP-2S
208,97,27,2052,SM8 TOP-2S
185,86,21,1428,SM8 TOP-2S
386,140,103,7210,SM8 TOP-2S
360,150,39.5,2528,SM8 TOP-2S
195,103,47,3807,SM8 TOP-2S
618,149,37,2738,SM8 TOP-2S
196,56,16.5,1204.5,SM8 TOP-2S
261,135,8,632,SM8 TOP-2S
438,124,106,6996,SM8 TOP-2S
205,78,25.5,1708.5,SM8 TOP-2S
168,85,33,2640,SM8 TOP-2S
236,115,28,2268,SM8 TOP-2S
185,83,38,2812,SM8 TOP-2S
204,55,41.5,2490,SM8 TOP-2S
219,82,39,2847,SM8 TOP-2S
619,160,42,3108,SM8 TOP-2S
274,78,29.5,2360,SM8 TOP-2S
166,42,12.5,1000,SM8 TOP-2S
618,157,36.5,2701,SM8 TOP-2S
125,47,16,1120,SM8 TOP-2S
169,55,24,1728,SM8 TOP-2S
160,43,6,420,SM8 TOP-2S
204,78,25,1750,SM8 TOP-2S
215,41,19,1292,SM8 TOP-2S
198,79,25,1700,SM8 TOP-2S
182,84,48.5,3880,SM8 TOP-2S
178,83,25,1775,SM8 TOP-2S
190,61,30,2220,SM8 TOP-2S
230,59,21,1470,SM8 TOP-2S
158,56,41.5,2656,SM8 TOP-2S
190,48,18.5,1332,SM8 TOP-2S
169,65,28,2100,SM8 TOP-2S
210,73,34.5,2656.5,SM8 TOP-2S
269,105,36,2592,SM8 TOP-2S
337,113,32,2464,SM8 TOP-2S
299,15,39,2808,SM8 TOP-2S
164,61,23,1748,SM8 TOP-2S
165,67,27.5,2090,SM8 TOP-2S
356,93,48,3744,SM8 TOP-2S
177,89,31,2170,SM8 TOP-2S
196,87,38,2622,SM8 TOP-2S
220,92,31,2046,SM8 TOP-2S
176,54,22.5,1597.5,SM8 TOP-2S
203,71,30,2340,SM8 TOP-2S
222,77,36.5,2701,SM8 TOP-2S
323,130,37,2590,SM8 TOP-2S
328,129,34,2516,SM8 TOP-2S
222,54,19.5,1521,SM8 TOP-2S
340,74,25,1700,SM8 TOP-2S
442,79,45,3195,SM8 TOP-2S
386,178,106,6784,SM8 TOP-2S
344,81,33,2442,SM8 TOP-2S
250,49,18.5,1184,SM8 TOP-2S
174,57,25,1800,SM8 TOP-2S
503,105,43,2752,SM8 TOP-2S
185,53,31,2046,SM8 TOP-2S
246,61,20,1400,SM8 TOP-2S
206,96,37,2738,SM8 TOP-2S
311,139,37,2664,SM8 TOP-2S
467,164,77,5852,SM8 TOP-2S
336,104,32.5,2145,SM8 TOP-2S
198,74,33.5,2311.5,SM8 TOP-2S
404,112,39,2691,SM8 TOP-2S
184,82,46,3220,SM8 TOP-2S
253,151,42,3444,SM8 TOP-2S
379,74,38,2508,SM8 TOP-2S
411,97,54.5,4142,SM8 TOP-2S
265,140,12,876,SM8 TOP-2S
156,71,30,2220,SM8 TOP-2S
205,51,24,1560,SM8 TOP-2S
176,71,23,1886,SM8 TOP-2S
178,83,23,1656,SM8 TOP-2S
218,63,54,4482,SM8 TOP-2S
207,66,31,2170,SM8 TOP-2S
387,156,99,6930,SM8 TOP-2S
300,80,42,2646,SM8 TOP-2S
306,143,36,2628,SM8 TOP-2S
152,67,32.5,1625,SM8 TOP-2S
585,170,105,7035,SM8 TOP-2S
171,66,27.5,2035,SM8 TOP-2S
170,74,39,3081,SM8 TOP-2S
347,101,33,2706,SM8 TOP-2S
241,102,39.5,2923,SM8 TOP-2S
215,63,54.5,4578,SM8 TOP-2S
311,144,35,2660,SM8 TOP-2S
188,84,26.5,2226,SM8 TOP-2S
195,107,30.5,2135,SM8 TOP-2S
195,107,32,2336,SM8 TOP-2S
382,189,135,9450,SM8 TOP-2S
430,111,34,2652,SM8 TOP-2S
199,52,35,2100,SM8 TOP-2S
227,62,22,1738,SM8 TOP-2S
189,81,29.5,2920.5,SM8 TOP-2S
187,84,45,3240,SM8 TOP-2S
253,95,75.5,7399,SM8 TOP-2S
313,151,35,2520,SM8 TOP-2S
306,149,81,5832,SM8 TOP-2S
382,228,97,8148,SM8 TOP-2S
247,83,18.5,1350.5,SM8 TOP-2S
127,47,13.5,999,SM8 TOP-2S
312,80,28,2184,SM8 TOP-2S
311,150,35.5,2698,SM8 TOP-2S
374,202,42,3276,SM8 TOP-2S
311,145,34,2516,SM8 TOP-2S
382,192,135,9450,SM8 TOP-2S
514,108,22.5,1462.5,SM8 TOP-2S
311,144,35,2660,SM8 TOP-2S
287,58,34,2312,SM8 TOP-2S
319,83,29,2320,SM8 TOP-2S
328,95,29,1914,SM8 TOP-2S
287,87,20,1360,SM8 TOP-2S
145,60,24,1920,SM8 TOP-2S
123,46,14.5,1160,SM8 TOP-2S
169,132,51,4080,SM8 TOP-2S
323,130,37,2590,SM8 TOP-2S
179,54,30,2100,SM8 TOP-2S
178,80,45,3555,SM8 TOP-2S
252,65,30,1920,SM8 TOP-2S
178,80,29.5,2212.5,SM8 TOP-2S
264,101,45,3510,SM8 TOP-2S
333,80,32,2272,SM8 TOP-2S
202,60,26.5,2067,SM8 TOP-2S
196,56,16.5,1204.5,SM8 TOP-2S
240,133,36.5,2737.5,SM8 TOP-2S
333,85,36,2340,SM8 TOP-2S
326,87,30.5,2409.5,SM8 TOP-2S
399,114,92,5428,SM8 TOP-2S
285,65,34,2312,SM8 TOP-2S
229,86,18,1260,SM8 TOP-2S
234,58,20.5,1640,SM8 TOP-2S
527,174,100,6200,SM8 TOP-2S
174,48,28,1736,SM8 TOP-2S
158,56,41.5,2656,SM8 TOP-2S
232,111,27,2160,SM8 TOP-2S
347,52,15,1095,SM8 TOP-2S
200,90,34.5,2760,SM8 TOP-2S
641,178,106,10388,SM8 TR1
690,270,105.5,9917,SM8 TR1
435,125,37,3256,SM8 TR1
556,133,39,3393,SM8 TR1
171,43,9,810,SM8 TR1
580,221,97,8342,SM8 TR1
665,231,89.5,7518,SM8 TR1
680,223,93.5,7667,SM8 TR1
383,113,34,2890,SM8 TR1
171,38,8.5,714,SM8 TR1
554,148,33.5,2713.5,SM8 TR1
276,104,39,2730,SM8 TOP-2S
266,98,57,4104,SM8 TOP-2S
300,92,72,5760,SM8 TOP-2S
565,103,80,6160,SM8 TOP-2S
259,87,23,1702,SM8 TOP-2S
249,90,70.5,6768,SM8 TOP-2S
365,117,35.5,2911,SM8 TOP-2S
370,135,35,2695,SM8 TOP-2S
280,60,19,1292,SM8 TOP-2S
454,201,77,6776,SM8 TOP-2S
613,183,140,6580,SM8 TOP-2S
467,205,124,9548,SM8 TOP-2S
180,48,24,1776,SM8 TOP-2S
583,142,78.5,4317.5,SM8 TOP-2S
97,20,4,288,SM8 TOP-2S
183,64,24,2112,SM8 TOP-2S
172,49,10,760,SM8 TOP-2S
594,177,110,8140,SM8 TOP-2S
333,119,65,4290,SM8 TOP-2S
392,146,74.5,4395.5,SM8 TOP-2S
305,99,62,5084,SM8 TOP-2S
211,89,30,2460,SM8 TOP-2S
275,81,35,2310,SM8 TOP-2S
337,187,40,3640,SM8 TOP-2S
360,130,45,4140,SM8 TOP-2S
515,189,66,5874,SM8 TOP-2S
532,140,86,7396,SM8 TOP-2S
345,170,42,3612,SM8 TOP-2S
231,65,35,2590,SM8 TOP-2S
300,223,31,2480,SM8 TOP-2S
223,147,30,2340,SM8 TOP-2S
309,136,42,3024,SM8 TOP-2S
241,128,36.5,3285,SM8 TOP-2S
180,50,23.5,1927,SM8 TOP-2S
324,126,40,3400,SM8 TOP-2S
376,224,104,7176,SM8 TOP-2S
339,141,41.5,2739,SM8 TOP-2S
292,171,28,2296,SM8 TOP-2S
337,123,354.5,25524,SM8 TOP-2S
429,144,82,6806,SM8 TOP-2S
201,51,22,1474,SM8 TOP-2S
276,157,28.5,2508,SM8 TOP-2S
267,88,16.5,1287,SM8 TOP-2S
394,153,101,7878,SM8 TOP-2S
608,235,105,8820,SM8 TOP-2S
305,98,54,3456,SM8 TOP-2S
172,71,25.5,2040,SM8 TOP-2S
355,126,68,5576,SM8 TOP-2S
408,212,54,4428,SM8 TOP-2S
195,104,22,1848,SM8 TOP-2S
350,204,40,3840,SM8 TOP-2S
574,143,102,5916,SM8 TOP-2S
151,90,26,2340,SM8 TOP-2S
243,150,56.5,4746,SM8 TOP-2S
435,147,54,4104,SM8 TOP-2S
278,96,31,2604,SM8 TOP-2S
326,195,36,3312,SM8 TOP-2S
631,205,72,6696,SM8 TOP-2S
331,69,23,1932,SM8 TOP-2S
163,31,14,1162,SM8 TOP-2S
368,127,86,5676,SM8 TOP-2S
337,114,70,5040,SM8 TOP-2S
302,94,41,2829,SM8 TOP-2S
220,81,38,3268,SM8 TOP-2S
126,60,13,1066,SM8 TOP-2S
363,117,33,2508,SM8 TOP-2S
285,97,24,2064,SM8 TOP-2S
325,122,73.5,7056,SM8 TOP-2S
230,112,33.5,2814,SM8 TOP-2S
183,66,26,2132,SM8 TOP-2S
271,97,25,1900,SM8 TOP-2S
237,106,38,2812,SM8 TOP-2S
111,40,16,928,SM8 TOP-2S
454,240,134,11926,SM8 TOP-2S
134,49,12,1116,SM8 TOP-2S
188,109,32,2496,SM8 TOP-2S
345,170,42,3612,SM8 TOP-2S
372,106,44.5,3248.5,SM8 TOP-2S
672,202,100,8000,SM8 TOP-2S
176,52,23,1679,SM8 TOP-2S
333,125,70,5600,SM8 TOP-2S
411,25,73.5,6468,SM8 TOP-2S
534,165,110,7700,SM8 TOP-2S
214,75,38,3116,SM8 TOP-2S
178,48,19,1368,SM8 TOP-2S
219,70,25.5,2040,SM8 TOP-2S
363,242,86.5,7871.5,SM8 TOP-2S
333,112,72,5976,SM8 TOP-2S
140,61,14,1162,SM8 TOP-2S
438,164,108,7992,SM8 TOP-2S
285,96,52,3952,SM8 TOP-2S
181,70,27.5,2337.5,SM8 TOP-2S
384,170,74,5032,SM8 TOP-2S
204,59,32.5,2210,SM8 TOP-2S
434,187,110,7700,SM8 TOP-2S
171,65,26,2080,SM8 TOP-2S
230,82,38.5,2695,SM8 TOP-2S
416,161,78.5,5259.5,SM8 TOP-2S
326,97,56,3640,SM8 TOP-2S
253,62,49.5,3168,SM8 TOP-2S
149,87,25,2275,SM8 TOP-2S
334,72,20.5,1722,SM8 TOP-2S
449,198,92,8464,SM8 TOP-2S
329,98,40,2760,SM8 TOP-2S
482,70,16,1184,SM8 TOP-2S
656,131,59,5074,SM8 TOP-2S
283,120,31,2542,SM8 TOP-2S
435,147,54,4104,SM8 TOP-2S
308,69,20,1700,SM8 TOP-2S
363,163,33,2376,SM8 TOP-2S
263,78,18,1368,SM8 TOP-2S
418,318,86,7654,SM8 TOP-2S
579,306,49,4312,SM8 TOP-2S
308,90,33.5,2479,SM8 TOP-2S
422,136,20,1700,SM8 TOP-2S
362,142,37,2368,SM8 TOP-2S
228,168,37,2886,SM8 TOP-2S
326,94,21,1743,SM8 TOP-2S
203,68,22.5,1755,SM8 TOP-2S
488,129,90,8280,SM8 TOP-2S
570,116,42,3528,SM8 TOP-2S
203,53,25,1775,SM8 TOP-2S
270,80,17,1394,SM8 TOP-2S
289,43,18,1368,SM8 TOP-2S
159,46,20,1320,SM8 TOP-2S
329,113,63,4725,SM8 TOP-2S
339,157,43.5,2914.5,SM8 TOP-2S
172,59,8.5,705.5,SM8 TOP-2S
252,66,20,1400,SM8 TOP-2S
408,131,29.5,1917.5,SM8 TOP-2S
208,97,36.5,3358,SM8 TOP-2S
554,235,97,9409,SM8 TOP-2S
614,234,88,7480,SM8 TOP-2S
314,56,26,2236,SM8 TOP-2S
326,195,36,3312,SM8 TOP-2S
479,87,30.5,2562,SM8 TOP-2S
312,111,61,4453,SM8 TOP-2S
123,34,9,666,SM8 TOP-2S
393,255,98.5,8372.5,SM8 TOP-2S
213,73,39,3198,SM8 TOP-2S
188,106,34.5,2691,SM8 TOP-2S
200,72,26.5,1802,SM8 TOP-2S
174,55,25.5,2065.5,SM8 TOP-2S
250,119,35.5,0,SM8 TOP-2S
170,18.5,23.5,1903.5,SM8 TOP-2S
199,57,27.5,1925,SM8 TOP-2S
206,80,35.5,1988,SM8 TOP-2S
450,240,110,7150,SM8 TOP-2S
339,65,27,2106,SM8 TOP-2S
241,89,42,3486,SM8 TOP-2S
451,185,113,8249,SM8 TOP-2S
383,148,78.5,5338,SM8 TOP-2S
327,123,69,6624,SM8 TOP-2S
165,44,22,1760,SM8 TOP-2S
368,106,52,3328,SM8 TOP-2S
569,188,88,7744,SM8 TOP-2S
375,117,61,3843,SM8 TOP-2S
409,211,38,3040,SM8 TOP-2S
319,112,61,4880,SM8 TOP-2S
311,159,24,1776,SM8 TOP-2S
461,167,78,6318,SM8 TOP-2S
176,93,24,1896,SM8 TOP-2S
435,147,54,4104,SM8 TOP-2S
471,86,29.5,2448.5,SM8 TOP-2S
473,217,46,3450,SM8 TOP-2S
337,193,41.5,3029.5,SM8 TOP-2S
445,74,33,2145,SM8 TOP-2S
504,272,110,10120,SM8 TOP-2S
216,95,31.5,2898,SM8 TOP-2S
348,203,41.5,3403,SM8 TOP-2S
227,96,36,2952,SM8 TOP-2S
303,89,23,1633,SM8 TOP-2S
485,122,17,1122,SM8 TOP-2S
263,101,23,2001,SM8 TOP-2S
338,194,36,3240,SM8 TOP-2S
321,102,35.5,2627,SM8 TOP-2S
333,143,71,7100,SM8 TOP-2S
193,77,30,2280,SM8 TOP-2S
452,198,97,6014,SM8 TOP-2S
314,65,68,5644,SM8 TOP-2S
125,22,9.5,731.5,SM8 TOP-2S
174,48,21,1386,SM8 TOP-2S
204,60,35,3045,SM8 TOP-2S
378,125,80,4960,SM8 TOP-2S
271,98,24,1728,SM8 TOP-2S
234,73,49,3920,SM8 TOP-2S
326,195,36,3312,SM8 TOP-2S
239,123,39,3198,SM8 TOP-2S
361,162,72,5904,SM8 TOP-2S
190,135,28,2408,SM8 TOP-2S
184,76,23,2070,SM8 TOP-2S
264,85,45,3510,SM8 TOP-2S
438,148,98,7056,SM8 TOP-2S
202,50,22,1540,SM8 TOP-2S
342,87,43,3526,SM8 TOP-2S
486,183,68.5,6233.5,SM8 TOP-2S
312,105,48.5,3977,SM8 TOP-2S
427,151,64.5,5611.5,SM8 TOP-2S
291,125,31.5,2646,SM8 TOP-2S
350,204,40,3840,SM8 TOP-2S
241,72,36,2880,SM8 TOP-2S
405,191,32.5,2437.5,SM8 TOP-2S
289,114,41,2993,SM8 TOP-2S
299,122,62,4588,SM8 TOP-2S
418,320,87,7743,SM8 TOP-2S
197,117,27.5,2145,SM8 TOP-2S
125,38,15,1290,SM8 TOP-2S
385,65,16,1328,SM8 TOP-2S
125,41,13,1196,SM8 TOP-2S
259,106,72.5,7250,SM8 TOP-2S
461,298,124,10540,SM8 TOP-2S
300,150,71,5964,SM8 TOP-2S
684,225,76.5,7879.5,SM8 TOP-2S
351,169,90,7650,SM8 TOP-2S
655,189,42.5,3825,SM8 TOP-2S
383,129,64.5,3741,SM8 TOP-2S
543,199,125,8750,SM8 TOP-2S
334,89,22,1496,SM8 TOP-2S
224,107,36,2952,SM8 TOP-2S
187,76,48.5,4559,SM8 TOP-2S
392,146,74.5,4395.5,SM8 TOP-2S
419,91,102,8874,SM8 TOP-2S
283,160,28.5,2508,SM8 TOP-2S
292,169,98,5096,SM8 TOP-2S
586,177,100,7200,SM8 TOP-2S
333,117,65,4290,SM8 TOP-2S
351,126,72,4752,SM8 TOP-2S
327,81,40,3160,SM8 TOP-2S
329,82,39,3120,SM8 TOP-2S
325,111,62,4960,SM8 TOP-2S
200,61,23,1794,SM8 TOP-2S
252,74,23,2323,SM8 TOP-2S
333,224,100,8200,SM8 TOP-2S
409,212,15,1230,SM8 TOP-2S
175,91,26,2184,SM8 TOP-2S
129,51,13.5,1134,SM8 TOP-2S
240,85,42.5,3315,SM8 TOP-2S
486,183,75,6825,SM8 TOP-2S
437,196,57.5,4772.5,SM8 TOP-2S
305,68,25,2100,SM8 TOP-2S
359,113,32,2240,SM8 TOP-2S
306,88,20,1300,SM8 TOP-2S
205,73,36.5,2956.5,SM8 TOP-2S
164,80,43,2322,SM8 TOP-2S
318,116,30,2220,SM8 TOP-2S
202,63,31,2294,SM8 TOP-2S
205,116,42,3864,SM8 TOP-2S
354,251,106,10388,SM8 TOP-2S
138,37,11,836,SM8 TOP-2S
165,44,26,2028,SM8 TOP-2S
171,40,18,1188,SM8 TOP-2S
190,95,29.5,2360,SM8 TOP-2S
183,53,9,720,SM8 TOP-2S
187,80,35,2555,SM8 TOP-2S
295,90,25.5,1912.5,SM8 TOP-2S
253,78,19,1026,SM8 TOP-2S
277,105,21.5,1741.5,SM8 TOP-2S
213,102,34,2924,SM8 TOP-2S
275,104,30,2430,SM8 TOP-2S
217,96,28.5,2394,SM8 TOP-2S
361,150,69,5520,SM8 TOP-2S
237,178,49,4018,SM8 TOP-2S
594,146,101,6363,SM8 TOP-2S
628,117,69,6141,SM8 TOP-2S
346,113,50,4200,SM8 TOP-2S
378,127,45,3780,SM8 TOP-2S
201,79,39,3432,SM8 TOP-2S
362,90,30.5,2653.5,SM8 TOP-2S
459,167,106,7314,SM8 TOP-2S
264,140,29,2378,SM8 TOP-2S
230,85,40,2880,SM8 TOP-2S
471,312,98,8232,SM8 TOP-2S
338,111,69,4830,SM8 TOP-2S
122,52,9,756,SM8 TOP-2S
459,159,107,7918,SM8 TOP-2S
469,127,26,2236,SM8 TOP-2S
228,93,32.5,2795,SM8 TOP-2S
228,95,33,2937,SM8 TOP-2S
263,86,41.5,2988,SM8 TOP-2S
349,177,72.5,5002.5,SM8 TOP-2S
382,142,95,7030,SM8 TOP-2S
358,117,34,3400,SM8 TOP-2S
190,110,27,2349,SM8 TOP-2S
148,77,19,1729,SM8 TOP-2S
442,169,82,6068,SM8 TOP-2S
344,56,23,1886,SM8 TOP-2S
271,115,45,3510,SM8 TOP-2S
397,139,35,2310,SM8 TOP-2S
238,86,43,3053,SM8 TOP-2S
584,320,50,4200,SM8 TOP-2S
360,114,28,2464,SM8 TOP-2S
230,131,32,2752,SM8 TOP-2S
255,138,53.5,4922,SM8 TOP-2S
175,51,26.5,1934.5,SM8 TOP-2S
160,37,20,1200,SM8 TOP-2S
326,138,39.5,2765,SM8 TOP-2S
195,61,33,2508,SM8 TOP-2S
711,122,100,7000,SM8 TOP-2S
186,100,35,2625,SM8 TOP-2S
405,198,97,8245,SM8 TOP-2S
212,86,28,2016,SM8 TOP-2S
207,90,33,2508,SM8 TOP-2S
435,172,105,6300,SM8 TOP-2S
282,59,60,3960,SM8 TOP-2S
179,76,30,2280,SM8 TOP-2S
178,73,25,1950,SM8 TOP-2S
142,63,17,1258,SM8 TOP-2S
473,100,60,4020,SM8 TOP-2S
454,66,31.5,2331,SM8 TOP-2S
179,36,16.5,1435.5,SM8 TOP-2S
567,75,33,2277,SM8 TOP-2S
206,87,37,2812,SM8 TOP-2S
484,63,27,1836,SM8 TOP-2S
112,58,11.5,897,SM8 TOP-2S
222,72,28,1988,SM8 TOP-2S
317,168,37,2849,SM8 TOP-2S
436,69,27,1890,SM8 TOP-2S
329,195,39,2808,SM8 TOP-2S
320,146,34.5,2553,SM8 TOP-2S
353,109,34,2380,SM8 TOP-2S
377,147,38,2774,SM8 TOP-2S
243,81,20.5,1578.5,SM8 TOP-2S
606,143,105,5880,SM8 TOP-2S
386,115,77,4620,SM8 TOP-2S
218,63,38,2546,SM8 TOP-2S
378,455,110,9680,SM8 TOP-2S
182,93,25,1800,SM8 TOP-2S
190,92,48,3744,SM8 TOP-2S
526,179,110,7260,SM8 TOP-2S
282,89,69,5106,SM8 TOP-2S
185,89,34,2584,SM8 TOP-2S
213,69,71,6106,SM8 TOP-2S
491,71,32,2272,SM8 TOP-2S
233,115,37,2627,SM8 TOP-2S
257,82,84,8064,SM8 TOP-2S
198,57,36,2556,SM8 TOP-2S
332,133,43.5,2784,SM8 TOP-2S
305,106,40,2800,SM8 TOP-2S
358,182,40,3280,SM8 TOP-2S
242,72,24,1656,SM8 TOP-2S
256,82,22.5,1710,SM8 TOP-2S
166,46,22,1584,SM8 TOP-2S
434,78,23,1702,SM8 TOP-2S
313,116,36,2268,SM8 TOP-2S
261,136,28.5,2052,SM8 TOP-2S
338,71,26,1898,SM8 TOP-2S
217,44,22.5,1597.5,SM8 TOP-2S
184,112,45.5,3549,SM8 TOP-2S
318,160,38.5,3003,SM8 TOP-2S
473,100,60,4020,SM8 TOP-2S
214,31,23.5,1621.5,SM8 TOP-2S
461,155,62,4836,SM8 TOP-2S
358,121,29,2146,SM8 TOP-2S
428,112,36.5,2482,SM8 TOP-2S
254,142,86,5676,SM8 TOP-2S
283,120,33,2343,SM8 TOP-2S
241,63,40,2640,SM8 TOP-2S
60,1,31,2480,SM8 TOP-2S
396,85,28.5,2052,SM8 TOP-2S
342,71,24.5,1739.5,SM8 TOP-2S
201,96,22,1584,SM8 TOP-2S
208,94,33,2508,SM8 TOP-2S
287,65,31,2077,SM8 TOP-2S
124,40,13,1014,SM8 TOP-2S
254,126,32.5,2535,SM8 TOP-2S
256,155,104,8528,SM8 TOP-2S
159,40,20,1360,SM8 TOP-2S
307,158,36,2772,SM8 TOP-2S
185,125,110,21340,SM8 TOP-2S
317,168,37,2849,SM8 TOP-2S
257,74,24.5,1666,SM8 TOP-2S
193,75,38,2926,SM8 TOP-2S
278,45,30.5,2135,SM8 TOP-2S
430,62,31,2294,SM8 TOP-2S
330,142,42,3024,SM8 TOP-2S
304,96,50,3600,SM8 TOP-2S
319,51,18.5,1406,SM8 TOP-2S
360,61,22,1562,SM8 TOP-2S
414,89,27,1647,SM8 TOP-2S
510,87,44,3432,SM8 TOP-2S
260,123,33.5,2479,SM8 TOP-2S
301,124,16.5,1270.5,SM8 TOP-2S
280,70,26,1924,SM8 TOP-2S
200,88,32,2528,SM8 TOP-2S
451,87,24,1776,SM8 TOP-2S
169,72,36.5,1752,SM8 TOP-2S
195,62,34,2448,SM8 TOP-2S
608,159,37.5,2812.5,SM8 TOP-2S
213,81,33.5,2177.5,SM8 TOP-2S
140,60,17.5,1330,SM8 TOP-2S
